neighbourhood_name,median_appreciation,mean_appreciation,property_count,median_value_2022,median_value_2024
STILLWATER,17.896106695621278,16.499935128814652,452,327750.0,385750.0
DECOTEAU,17.373310717176086,18.965406129976802,56,800000.0,942750.0
KINGLET GARDENS,15.992723119955423,17.964441453777717,172,490250.0,575750.0
CRYSTALLINA NERA EAST,15.59432933478735,16.088192281429684,77,393000.0,465000.0
WESTBROOK ESTATE,14.654744162940883,16.12716042895525,307,980500.0,1138500.0
OGILVIE RIDGE,14.306927117531188,12.816364852752827,360,612500.0,700750.0
ASTER,13.602711390886215,14.543664190364973,172,433500.0,502000.0
GLENRIDDING RAVINE,13.477537437603992,14.162382359877315,799,456500.0,521000.0
CAVANAGH,13.080229990861731,14.833327759750427,926,389000.0,446500.0
THE UPLANDS,12.740195934864104,11.461774631602255,578,400500.0,464750.0
GRAYDON HILL,12.447648172418816,12.3920248307638,466,368500.0,414750.0
CHAPPELLE AREA,12.32371957767829,11.838948715058775,4094,374500.0,425750.0
STEWART GREENS,12.004662004662006,13.031607033931909,447,427500.0,481000.0
EDGEMONT,11.961206896551724,11.172918163642807,2049,395000.0,447000.0
HAWKS RIDGE,11.9140625,12.853670773633219,389,485500.0,545500.0
PAISLEY,11.09544303145653,11.255784634537639,828,370500.0,420500.0
DESROCHERS AREA,10.800508259212197,12.03192361159373,913,402000.0,453500.0
GLENRIDDING HEIGHTS,10.714285714285714,10.929111092094505,1486,393500.0,437750.0
ALLARD,10.638464108561003,6.711984385289871,2952,376500.0,420000.0
MAPLE,10.186092066601372,10.298840948250097,1267,374500.0,416000.0
THE ORCHARDS AT ELLERSLIE,10.16949152542373,10.413332360282686,2443,386500.0,430500.0
SECORD,10.06711409395973,10.261430683095526,2751,424500.0,470500.0
LAUREL,10.0,10.732639967318345,3652,395000.0,439500.0
KESWICK AREA,9.798657718120806,11.281687323762128,1785,507000.0,569500.0
MAPLE RIDGE,9.722222222222223,10.881662759320701,829,34500.0,38500.0
QUESNELL HEIGHTS,9.553738019507428,10.496354699222142,124,724500.0,804500.0
HAYS RIDGE AREA,9.532374100719425,9.951030480682455,265,945000.0,1034500.0
SUMMERSIDE,9.313494918193054,8.085466231967981,4932,415500.0,458000.0
WALKER,9.278350515463918,8.40806320359724,4264,363000.0,398000.0
TAMARACK,9.207814785761231,9.144835277490298,1742,376000.0,410500.0
BLACKMUD CREEK,9.179926560587514,5.066855479720179,1095,430000.0,471000.0
DONSDALE,9.124069488863043,7.343527972489705,582,621250.0,680750.0
STARLING,9.105518425693864,9.250675804846258,740,473000.0,518000.0
ROSENTHAL,9.073900841908324,8.742622392184199,1789,401000.0,442000.0
POTTER GREENS,9.032600870727777,10.143195657990876,568,480750.0,531750.0
TRUMPETER AREA,9.005510587953584,9.03745260242669,916,448500.0,498000.0
SUDER GREENS,8.939759854127871,7.317410574746876,1042,396250.0,434500.0
TWIN BROOKS,8.926407495925332,9.029763999330656,2308,470500.0,513750.0
BLUE QUILL ESTATES,8.874230357845502,7.527732779080919,358,478250.0,528750.0
CALLAGHAN,8.87323943661972,6.5752796920594605,1152,361750.0,404250.0
CHARLESWORTH,8.736349453978159,7.698656027296196,2439,389000.0,427500.0
THE HAMPTONS,8.62290033104734,7.993685086270232,3920,393250.0,428500.0
GLASTONBURY,8.563899868247695,5.691384447382878,2613,340000.0,368000.0
HODGSON,8.554937743560497,5.0397601645580785,976,475500.0,520500.0
BISSET,8.553601925166898,7.4274812290889285,982,321500.0,349000.0
SATOO,8.43558282208589,8.427862655071433,1201,311500.0,338500.0
DALY GROVE,8.424908424908425,7.216705173966964,1081,310500.0,336500.0
CARTER CREST,8.36844698997168,8.229253395899626,616,516250.0,563250.0
EDMONTON ENERGY AND TECHNOLOGY PARK,8.308710919975868,8.98035592275491,66,508500.0,548000.0
RHATIGAN RIDGE,8.135394542901246,8.508086076572416,1128,534000.0,584000.0
GREENVIEW,8.130081300813007,7.215636547074464,993,366000.0,395500.0
JAMIESON PLACE,8.123409546885116,7.419572172161578,1382,388000.0,421250.0
WILD ROSE,7.746478873239436,6.618175971321103,2472,383500.0,415000.0
SILVER BERRY,7.71661866790964,6.78220027793739,2556,358000.0,384000.0
MINCHAU,7.6923076923076925,7.27962748460972,1013,308000.0,332500.0
BULYEA HEIGHTS,7.677543186180421,7.601200472847912,1281,554500.0,598000.0
CAMERON HEIGHTS,7.6190476190476195,8.798425633298628,731,565500.0,613500.0
ASPEN GARDENS,7.589514091851829,6.37999864864035,638,507500.0,545500.0
MACEWAN,7.5844403137326015,3.22492843677974,2542,277500.0,305750.0
BEARSPAW,7.379375591296121,7.698703100848434,783,414500.0,445000.0
ELLERSLIE,7.24191063174114,4.436392413649573,2069,325500.0,352000.0
GRANVILLE,7.196969696969697,6.927539711743722,929,483000.0,520500.0
LEGER,6.966778696026502,7.364991852206013,804,484500.0,514750.0
MEYOKUMIN,6.737120211360634,5.033727257248456,939,308500.0,330000.0
JACKSON HEIGHTS,6.7294751009421265,6.833542380433873,1267,381000.0,407000.0
DECHENE,6.655574043261231,7.088984890521851,597,436000.0,463500.0
TERWILLEGAR TOWNE,6.598177646772058,6.289717662411003,2334,390250.0,417000.0
GREENFIELD,6.583427922814983,7.231028411705491,1355,420000.0,449000.0
CY BECKER,6.493506493506493,7.071234885717859,913,423500.0,451500.0
LARKSPUR,6.47921760391198,4.06131463322427,1931,361000.0,384000.0
WESTVIEW VILLAGE,6.451612903225806,6.711660007247286,1052,42500.0,44500.0
OLESKIW,6.444296126790405,6.512502920419288,1066,619500.0,659500.0
FALCONER HEIGHTS,6.441717791411043,5.641064081629181,603,499000.0,534000.0
KEHEEWIN,6.438432557281741,3.651613346575429,1204,266000.0,300250.0
BELMEAD,6.342780026990553,5.058164028227747,1345,347500.0,370000.0
RIDEAU PARK,6.258890469416785,1.1722958468688631,543,334500.0,369500.0
SOUTH TERWILLEGAR,6.227758007117438,3.9330173912058677,3894,302500.0,323500.0
MCCONACHIE AREA,6.149193548387097,5.4323155558730845,3331,403000.0,432500.0
EBBERS,6.1443932411674345,3.648876292328791,637,337000.0,364000.0
WINDERMERE,6.064209274673008,3.991120207063684,5317,388500.0,418500.0
MAGRATH HEIGHTS,6.050955414012739,5.1594244520286425,1301,649500.0,698500.0
CRYSTALLINA NERA WEST,5.937028213761957,5.146794696405747,1216,390500.0,422250.0
WEBBER GREENS,5.899705014749262,6.431034330679866,963,424000.0,449000.0
STEINHAUER,5.781057810578106,6.065950617679461,743,392000.0,414500.0
GARIEPY,5.726771036724386,4.753233404475301,742,454000.0,484500.0
BEAUMARIS,5.704697986577181,3.3468864412610686,1541,349500.0,375000.0
BRECKENRIDGE GREENS,5.680244270964492,2.9704801789278132,766,382750.0,409500.0
MAYLIEWAN,5.671228917652402,6.2329648724782505,1254,418000.0,442250.0
RAPPERSWIL,5.669792197778966,5.6317265731473665,1118,420000.0,441500.0
POLLARD MEADOWS,5.65183263941028,4.669343358838097,1362,278750.0,299000.0
SAKAW,5.63085859694479,5.339133594307023,1212,317000.0,335500.0
RUTHERFORD,5.622489959839357,2.9162718845455076,5114,301000.0,324500.0
DUGGAN,5.534591194968554,5.300052760349433,1186,395000.0,418500.0
HILLVIEW,5.452194146378986,3.371788519442436,1084,327500.0,346000.0
CHAMBERY,5.439814814814815,5.691204012406218,773,490000.0,520000.0
RURAL NORTH EAST HORSE HILL,5.4132712456344585,5.680102418989418,57,623000.0,659500.0
RIO TERRACE,5.394193689526535,6.193367407649342,500,490500.0,521750.0
MATT BERRY,5.321507760532151,5.497939194765727,1299,418000.0,441000.0
HADDOW,5.2889460769645105,4.858182421933318,1580,477500.0,512250.0
BRINTNELL,5.2513754078698724,5.429297761698537,1750,399000.0,420000.0
ALDERGROVE,5.198358413132695,3.6772689116725448,1585,357500.0,377000.0
KLARVATTEN,5.147864184008762,4.990048107905131,2007,381000.0,397500.0
SCHONSEE,5.081495685522531,3.9409431005731776,1653,426500.0,449500.0
MILLER,5.063291139240507,4.626818354433884,1018,344000.0,361500.0
WEDGEWOOD HEIGHTS,4.998053470095083,6.150158457414355,516,514750.0,544250.0
MEYONOHK,4.678362573099415,2.3082285274070715,1103,254500.0,266000.0
KERNOHAN,4.657933042212519,5.0198639811180215,1135,289000.0,303000.0
LYMBURN,4.526166902404526,2.8935290793954223,2055,329500.0,343500.0
RIVERVIEW AREA,4.514073287307488,6.262018895072403,137,817000.0,870500.0
GLENORA,4.47227191413238,4.96390812226853,1441,639500.0,684000.0
CARLTON,4.4161791007216875,2.9759841350000795,1788,402500.0,418750.0
HOLLICK-KENYON,4.395604395604396,3.840469560436003,1847,379000.0,396000.0
CRAWFORD PLAINS,4.378531073446328,4.147549569511175,1387,323500.0,338500.0
BELLEVUE,4.324324324324325,5.011614179787023,462,321000.0,334500.0
KINISKI GARDENS,4.293670536207849,4.66153069706315,2210,316000.0,330000.0
OXFORD,4.234527687296417,4.148101955239989,1387,396000.0,415000.0
TIPASKAN,4.211347401264471,1.2979361080639469,820,293000.0,308250.0
HENDERSON ESTATES,4.210136397847032,3.8840901872236677,622,621500.0,654250.0
HUDSON,4.2059485496729145,3.5553175806961574,902,393000.0,408250.0
CUMBERLAND,4.1554959785522785,3.1498468364304064,1979,379000.0,395500.0
OVERLANDERS,4.114263923045793,4.56791436896739,452,313500.0,322000.0
OZERNA,4.088685538696684,3.79846807307413,1420,396000.0,413000.0
WEINLOS,4.006200128492647,2.7780915566579614,1112,304500.0,318500.0
BELLE RIVE,3.9260969976905313,5.550847471644425,1244,424500.0,439750.0
FRASER,3.851261620185923,3.6925580988152804,1437,311500.0,322500.0
BLACKBURNE,3.799034285151187,4.323668375494348,588,419500.0,434000.0
GRIESBACH,3.7037037037037033,2.6593833666346947,2237,374000.0,389500.0
LA PERLE,3.685388362167269,1.424403993180469,1630,304500.0,311500.0
LEE RIDGE,3.513711368762613,3.005763633609465,794,270250.0,277000.0
ELSINORE,3.4725768925207126,4.341971929996408,830,410500.0,425000.0
HOMESTEADER,3.296703296703297,2.6631166646326827,895,268000.0,276500.0
BLUE QUILL,3.2138491626940473,0.406784199102573,1072,298500.0,302000.0
FOREST HEIGHTS,3.0913294385970636,4.016680684380531,1440,420000.0,436500.0
WEST JASPER PLACE,3.018867924528302,3.0107314574754187,685,328500.0,340500.0
EAUX CLAIRES,3.003003003003003,1.0075879206543514,1379,289500.0,297500.0
BANNERMAN,2.8380634390651087,1.3776365129486972,1151,174000.0,185500.0
LAGO LINDO,2.509506066229968,3.4045459559778433,1364,334000.0,343000.0
BELMONT,2.486858021154493,1.929507248553429,1650,271000.0,278750.0
MENISA,2.4675324675324677,2.7201602910520903,868,343000.0,352500.0
SUMMERLEA,2.3504273504273505,1.0119595208149281,587,282500.0,295000.0
SWEET GRASS,2.3323615160349855,1.5511513009769977,1000,215000.0,211000.0
EKOTA,2.3041474654377883,1.9171944742103735,777,334000.0,342000.0
ALBANY,2.266390088335732,1.3788135022136927,578,259500.0,267500.0
ORMSBY PLACE,2.113728547775276,1.493497983647832,1756,359750.0,372750.0
BATURYN,2.018633540372671,1.8982498886660668,1625,314000.0,320500.0
SIFTON PARK,1.9867549668874174,0.580471544069854,405,304500.0,311500.0
DUNLUCE,1.9543973941368076,1.9398413466647049,1935,313500.0,319500.0
SHERWOOD,1.9230769230769231,0.5807450583942372,455,274000.0,282500.0
LORELEI,1.922962962962963,0.8298984404075108,1276,317500.0,323750.0
MCLEOD,1.92,2.5687908194505225,870,318000.0,325000.0
VIRGINIA PARK,1.9185901646771015,1.8268674214880163,198,374000.0,390750.0
MACTAGGART,1.8548827059465356,2.5772778493604935,1315,544000.0,585500.0
RURAL NORTH EAST SOUTH STURGEON,1.8154311649016641,1.715740708806574,225,727000.0,740000.0
TWEDDLE PLACE,1.766304347826087,0.8125567233058009,745,338500.0,346500.0
GRANDVIEW HEIGHTS,1.7509727626459144,1.4829866478204061,345,828000.0,832000.0
THORNCLIFF,1.6840395530646486,0.5742538147435512,724,326750.0,333500.0
EDMONTON SOUTH CENTRAL,1.425177944217702,2.0886841853472355,66,789250.0,802000.0
EDMONTON SOUTH EAST,1.3542176084411448,2.8703929949256075,66,629000.0,637250.0
CANOSSA,1.1606170001317098,1.390380214820694,1040,404500.0,410500.0
HIGH PARK,1.0638297872340425,1.5303912574119876,607,301500.0,304500.0
CAERNARVON,0.926641479191711,0.5799438298008951,1418,312000.0,314500.0
RITCHIE,0.9188361408882083,0.8575852658037333,1817,344000.0,350500.0
CALLINGWOOD NORTH,0.8922174755220633,1.879516277592045,798,161000.0,159500.0
EVANSDALE,0.8915304606240713,0.5877110522611897,1555,321500.0,324000.0
KILDARE,0.6980802792321117,-1.8767140305055665,939,302000.0,305000.0
KIRKNESS,0.5163511187607573,1.5783313562982237,1247,293500.0,293500.0
TAWA,0.37453183520599254,2.456617825453901,863,196000.0,191500.0
NORTH GLENORA,0.33964199975214926,1.5581489789239165,708,398500.0,401750.0
OTTEWELL,0.0,0.8461741301871901,2312,389500.0,389500.0
KILKENNY,0.0,-0.3779153493375122,1571,322000.0,323000.0
CASSELMAN,0.0,-0.6170394552568954,1191,161500.0,159500.0
WOODCROFT,0.0,-0.7512712403266759,690,338000.0,340000.0
EVERGREEN,0.0,2.2208303666420464,645,36000.0,37000.0
RAMSAY HEIGHTS,-0.24752475247524752,0.17752651858976778,1093,495500.0,504500.0
KENILWORTH,-0.31201248049922,0.7698759844553253,975,377500.0,376500.0
AMBLESIDE,-0.5108631826189078,2.8617444421446523,3368,266500.0,260250.0
TERRACE HEIGHTS,-0.5313305023937516,-0.4390601027716447,634,362500.0,363500.0
RICHFORD,-0.6299212598425197,1.9232325275672697,649,250000.0,256000.0
LANSDOWNE,-0.6357856494096277,-0.4173758651415531,359,605500.0,598000.0
MCKERNAN,-0.6613756613756614,0.4672089500254001,889,514000.0,516000.0
PARKVIEW,-0.7531071459630734,2.556444291634675,1310,560750.0,559500.0
HAIRSINE,-0.768650861172556,-0.6991957458375185,824,157500.0,159000.0
TERRA LOSA,-0.8333333333333334,0.1537758846702924,1173,173000.0,172500.0
RIVERDALE,-0.8849557522123894,-1.4213343138065655,1001,377500.0,372000.0
ELMWOOD,-0.9273592477926842,-0.10924531454587487,776,326500.0,323000.0
RIVER VALLEY HERMITAGE,-1.1299795709908071,-2.664905693574511,62,179500.0,180250.0
ALLENDALE,-1.1820898218890572,-0.4608638113474795,918,407750.0,404500.0
WESTMOUNT,-1.214467685706624,-1.503763887102406,2684,367000.0,365000.0
CARLISLE,-1.2326656394453006,-0.36907246632558866,1084,315000.0,309500.0
PEMBINA,-1.2559148264984228,-1.789855732290184,348,165500.0,162000.0
NORTHMOUNT,-1.3412816691505216,-1.006114220146854,1073,338500.0,334000.0
BRITANNIA YOUNGSTOWN,-1.3513513513513513,-1.383273889983672,1487,270000.0,267000.0
ROYAL GARDENS,-1.4729950900163666,-1.3291989262373747,1027,376500.0,376000.0
KING EDWARD PARK,-1.5037593984962405,-0.37621581304541335,1943,337000.0,334000.0
IDYLWYLDE,-1.5267175572519083,-2.636031369234623,665,346000.0,344500.0
HAZELDEAN,-1.5536723163841808,-0.5273844531446311,1060,379000.0,376750.0
GOLD BAR,-1.556420233463035,-0.4828152434818205,887,364000.0,360000.0
MEADOWLARK PARK,-1.704548893798614,-2.351492837630595,1192,339000.0,333500.0
KENSINGTON,-1.7208413001912046,-1.945059380556208,1377,289500.0,285000.0
BRANDER GARDENS,-1.917822614543926,-3.543576006205119,874,193500.0,191000.0
CENTRAL MCDOUGALL,-1.9230769230769231,-2.490748743473048,1055,101500.0,99000.0
GLENWOOD,-1.9710417787340864,-2.1131149334145816,1676,264000.0,264500.0
CAPILANO,-2.0050125313283207,-1.1240825031139976,1087,438000.0,431500.0
MICHAELS PARK,-2.030294108024994,-1.948146433945568,792,326000.0,319750.0
LENDRUM PLACE,-2.0832838186802682,-1.3302709640035595,614,458750.0,450250.0
KAMEYOSEK,-2.1212121212121215,-2.0494852820082547,753,259500.0,244000.0
ABBOTTSFIELD,-2.181933589875828,-1.9979681110329384,376,137000.0,133500.0
INGLEWOOD,-2.225130890052356,-2.637562166735797,1429,325500.0,321000.0
YORK,-2.2399999999999998,-1.6979804197405541,1081,296500.0,290500.0
WEST MEADOWLARK PARK,-2.2950819672131146,-2.1272234966590697,1066,269000.0,254250.0
MILL WOODS TOWN CENTRE,-2.302631578947368,-3.522263275285346,475,150500.0,139500.0
ROSSLYN,-2.3172905525846703,-1.3732232536834308,977,288000.0,282000.0
CANON RIDGE,-2.464788732394366,-0.16183599592417738,929,189000.0,183500.0
STRATHCONA,-2.670263029010976,-3.2683868420895563,3116,262500.0,249000.0
DELWOOD,-2.680067001675042,-1.758127833460028,1315,300000.0,292500.0
ATHLONE,-2.786377708978328,-2.6938710417031255,1099,293500.0,290500.0
PARKALLEN,-2.815768302493966,-1.5991663597319596,859,433500.0,423500.0
AVONMORE,-2.8852186082424476,-2.3578375819810065,902,375500.0,366500.0
MAYFIELD,-2.89193302891933,-2.4573339178822162,867,294000.0,285500.0
PRINCE RUPERT,-2.914940294520509,-2.638039471994682,468,309500.0,301750.0
LAURIER HEIGHTS,-2.92097038753088,-1.1946474713386483,928,656000.0,644500.0
KILLARNEY,-2.982456140350877,-1.7332966862775625,841,292000.0,285000.0
KINOKAMAU PLAINS AREA,-2.9839883551673942,0.856389597414192,51,550500.0,565000.0
PLEASANTVIEW,-3.0559552883151313,-2.088061902239691,1450,367750.0,357500.0
JASPER PARK,-3.0721966205837172,-3.4898241519454913,615,315000.0,309000.0
CRESTWOOD,-3.3509700176366843,-2.4842825336130834,843,663000.0,647000.0
MCQUEEN,-3.3846153846153846,-2.7223640206728565,459,365500.0,354000.0
CALDER,-3.4642749989284645,-2.3865728596443767,1354,256000.0,248500.0
STRATHEARN,-3.4981905910735827,-1.817942858327302,647,423000.0,414000.0
BELVEDERE,-3.5984848484848486,-3.3864930911086955,1977,176000.0,154500.0
QUEEN ALEXANDRA,-3.6418816388467374,-3.1053152743017534,1631,292500.0,282500.0
WELLINGTON,-3.647128938640133,-2.967361847576896,964,295250.0,285500.0
WESTRIDGE,-3.675970047651463,-2.7710573564350085,495,587500.0,575000.0
SHERBROOKE,-3.7634529472031035,-6.942424003081039,926,311000.0,300750.0
HOLYROOD,-3.7758830694275276,-2.6220628042745413,1039,411000.0,397000.0
HIGHLANDS,-3.781979977753059,-2.4007600147737787,1121,386500.0,373500.0
CALLINGWOOD SOUTH,-3.793103448275862,-3.9546925123990273,1279,146500.0,139500.0
SKYRATTLER,-3.862660944206009,-2.110312988311256,945,162000.0,155000.0
GARNEAU,-3.91900885680643,-3.943849553693872,2166,286000.0,279500.0
CLOVERDALE,-4.0431266846361185,-3.7573049216915386,471,382500.0,370000.0
RUNDLE HEIGHTS,-4.072398190045249,-3.8734470773720453,968,280500.0,268750.0
BELGRAVIA,-4.1183294663573085,-3.4256896071159724,973,638000.0,614000.0
BROOKSIDE,-4.134439682381474,-3.094067600300264,586,579000.0,553500.0
BEVERLY HEIGHTS,-4.1441441441441444,-3.2842857742931724,1195,289500.0,278000.0
ALBERTA AVENUE,-4.151092809629395,-2.7436584926996983,2236,223500.0,216250.0
HERITAGE VALLEY TOWN CENTRE AREA,-4.166666666666666,-4.019928251091181,604,123500.0,124000.0
CLAREVIEW TOWN CENTRE,-4.310344827586207,-3.1146491624096018,1533,156500.0,145500.0
MONTROSE,-4.315196998123827,-3.106818855833458,1135,230500.0,222500.0
BONNIE DOON,-4.3478260869565215,-3.348233076008554,1708,416500.0,399250.0
GROVENOR,-4.3478260869565215,-3.2010456537659633,995,390000.0,375500.0
ARGYLL,-4.383561643835616,-3.0789099282584873,331,395000.0,380000.0
SPRUCE AVENUE,-4.474708171206226,-3.4904496391747832,527,283500.0,274000.0
ERMINESKIN,-4.545454545454546,-3.6365105298941747,2194,172500.0,168500.0
PRINCE CHARLES,-4.5669549412649815,-3.113765815227054,568,289750.0,281750.0
GLENGARRY,-4.677817537997332,-3.783836334493076,1136,290250.0,275500.0
QUEEN MARY PARK,-4.739336492890995,-5.054307158308409,2645,149500.0,138500.0
EASTWOOD,-4.74182367579097,-4.466263453693704,1090,231500.0,219250.0
WESTWOOD,-4.827586206896552,-4.509863817062644,672,258500.0,243250.0
BERGMAN,-4.951374339410238,-4.370797570036748,562,320000.0,302500.0
LYNNWOOD,-5.019305019305019,-4.5467548477201145,775,381000.0,363000.0
RICHFIELD,-5.038759689922481,-4.287553566978588,683,322000.0,304500.0
CANORA,-5.075187969924812,-3.615425120734843,1077,261500.0,249500.0
DOVERCOURT,-5.078809106830122,-3.9915430789191144,749,329000.0,314000.0
MCCAULEY,-5.14018691588785,-4.4399431489700625,797,235000.0,222000.0
LAUDERDALE,-5.416568727680531,-4.442856734246606,804,286500.0,271500.0
PATRICIA HEIGHTS,-5.617021276595745,-7.0469957536218715,429,466000.0,445000.0
DELTON,-5.640968289203812,-4.723446014946845,722,257250.0,244000.0
FULTON PLACE,-5.83232077764277,-4.444677159971007,897,394000.0,372000.0
OLIVER,-6.25,-6.578688749964129,9427,146500.0,133500.0
NEWTON,-6.32688927943761,-5.367324337828795,1134,283000.0,266250.0
BALWIN,-6.44317507881512,-5.375844055069028,1170,283000.0,264500.0
BARANOW,-6.505982327141384,-3.493944797059349,616,183750.0,177000.0
PARKDALE,-6.680613668061367,-6.249688268169,1418,209500.0,197000.0
MALMO PLAINS,-6.998939554612937,-6.381124852730341,733,457000.0,424000.0
EMPIRE PARK,-7.030784508440913,-7.091792666549944,994,161500.0,146500.0
BOYLE STREET,-7.547169811320755,-8.796570576779034,1515,81000.0,69000.0
CROMDALE,-7.623083131557708,-5.266906499764519,730,128000.0,116000.0
BEACON HEIGHTS,-7.80399274047187,-7.114163431137589,1123,261500.0,242000.0
ELMWOOD PARK,-7.812192969951029,-7.98345538799203,392,272000.0,252000.0
WINDSOR PARK,-7.986027349405996,-8.758663445330575,476,1047750.0,970000.0
ROSSDALE,-7.990857297272953,-6.399812058467264,442,324500.0,317500.0
DOWNTOWN,-8.88888888888889,-7.651082898236322,8893,113000.0,103000.0
